Temperature,CO,Population_Density,Industrial density,Vehicle count,Environmental Pollution Level
14.627,0.345,0.146,0.787,2970,25
11.513,1.423,0.506,0.735,5560,34
7.947,1.076,0.578,0.773,8620,37
13.176,0.837,0.498,0.446,9520,30
11.751,0.305,0.12,0.613,3100,20
21.612,1.09,0.663,0.347,7960,39
24.642,1.231,0.746,0.248,8410,42
13.448,1.002,0.383,0.227,430,25
13.981,1.479,0.383,0.816,3370,36
17.142,1.3,0.413,0.518,660,33
10.778,0.159,0.398,0.195,540,20
15.776,1.146,0.443,0.608,2120,32
4.622,0.953,0.478,0.515,180,23
14.642,0.422,0.401,0.184,1230,25
8.034,0.521,0.032,0.116,5270,10
14.519,0.803,0.327,0.547,6640,30
7.757,0.328,0.26,0.198,70,16
23.207,1.168,0.497,0.376,9940,40
19.445,0.905,0.335,0.229,8470,29
21.164,0.555,0.757,0.158,9550,36
13.054,0.651,0.242,0.756,7400,28
14.111,0.327,0.388,0.47,4530,25
10.206,0.392,0.444,0.587,2940,25
11.122,0.421,0.376,0.093,3750,21
9.549,0.545,0.554,0.757,5460,30
6.242,0.729,0.221,0.839,2090,25
14.307,0.458,0.112,0.39,9070,20
23.114,1.423,0.573,0.313,9850,38
12.088,0.521,0.341,0.56,1780,25
35.592,1.65,0.751,0.524,9930,61
28.23,1.171,0.487,0.489,2790,44
9.373,0.443,0.48,0.7,5170,30
17.249,1.077,0.288,0.747,3860,35
15.514,1.372,0.69,0.625,7380,48
8.86,0.838,0.32,0.205,9640,19
12.261,1.243,0.489,0.536,6350,39
11.275,0.456,0.386,0.654,1470,28
10.892,0.804,0.421,0.575,4590,30
5.908,0.66,0.49,0.118,6430,18
17.289,0.585,0.534,0.377,3800,38
21.248,1.991,0.974,0.603,500,49
15.964,1.085,0.775,0.792,9800,49
22.947,0.943,0.55,0.663,1100,47
7.72,1.336,0.388,0.784,5730,31
13.653,0.628,0.518,0.132,2920,24
3.884,0.626,0.366,0.375,6160,17
3.684,0.471,0.076,0.568,6300,13
11.212,0.45,0.468,0.288,2030,23
7.512,0.442,0.187,0.107,4840,12
9.066,1.0,0.5,0.751,3760,38
25.248,2.147,0.887,0.864,5470,57
12.409,0.487,0.023,0.352,5080,15
17.149,1.137,0.467,0.64,4040,34
27.692,1.672,0.341,0.32,3570,52
16.474,1.576,0.58,0.441,2260,38
32.4,1.078,0.538,0.647,5040,46
14.555,0.503,0.577,0.53,3920,34
12.921,0.859,0.47,0.409,7780,31
7.773,0.765,0.358,0.37,5020,24
12.741,1.182,0.551,0.453,9390,33
5.823,0.748,0.289,0.094,5710,17
11.486,2.617,0.725,0.653,4500,49
16.901,1.859,0.648,0.311,6820,47
6.074,0.354,0.517,0.391,4880,23
14.631,0.439,0.292,0.758,3050,30
1.38,0.392,0.073,0.434,9180,11
16.576,1.397,0.748,0.703,6440,42
40.0,2.381,0.599,0.533,2140,59
13.485,2.031,0.129,0.239,2830,25
15.984,1.268,0.537,0.608,5080,40
11.562,0.671,0.377,0.228,7290,22
10.859,0.901,0.433,0.404,5780,27
20.922,1.299,0.704,0.397,5490,41
10.499,0.805,0.222,0.444,1070,20
5.393,0.742,0.459,0.619,6160,24
9.157,0.967,0.57,0.672,690,31
10.095,1.79,0.321,0.791,4880,33
9.195,0.544,0.084,0.241,10770,15
17.015,1.803,0.44,0.807,820,42
10.866,2.148,0.26,0.509,6530,28
13.311,0.652,0.405,0.773,970,31
13.288,0.638,0.453,0.495,2590,29
14.481,1.62,0.559,0.689,8490,39
22.914,1.28,0.673,0.712,7300,47
11.573,0.3,-0.015,0.26,3270,12
14.39,0.329,0.0,0.728,610,22
20.609,0.671,0.512,0.674,3550,40
5.161,0.565,0.257,0.659,9980,22
9.286,0.848,0.258,0.68,9300,27
19.646,1.28,0.68,0.527,3500,40
7.226,0.352,0.542,0.109,6770,19
7.166,0.464,0.069,0.275,560,13
5.991,0.846,0.185,0.328,5080,15
29.405,1.651,0.563,0.256,2890,42
7.785,0.693,0.118,0.527,6590,20
14.893,1.49,0.577,0.251,2060,32
18.955,1.021,0.455,0.352,940,31
16.038,0.962,0.338,0.386,9870,29
9.954,0.353,0.398,0.752,2930,28
15.127,1.127,0.623,0.594,8770,35
15.122,0.436,0.53,0.568,5950,32
9.64,1.026,0.493,0.757,8550,35
9.399,0.501,0.162,0.761,5270,25
8.906,0.594,0.088,0.24,2910,14
26.285,1.856,0.895,0.45,7450,53
10.555,0.393,-0.005,0.519,2280,16
32.184,1.51,0.62,0.623,9370,59
17.847,1.016,0.215,0.457,6340,37
7.303,0.181,0.299,0.349,7040,17
6.169,0.257,0.195,0.405,4820,18
18.297,0.776,0.533,0.686,8120,41
24.064,0.618,0.768,0.467,8850,43
7.572,0.655,0.295,0.502,6160,21
16.702,1.047,0.405,0.4,290,31
30.028,1.966,0.925,0.478,5190,82
7.836,0.915,0.254,0.79,3330,28
11.065,0.606,0.07,0.625,7970,19
8.016,1.227,0.544,0.237,1210,26
25.985,2.308,0.586,0.431,2910,52
9.446,0.638,0.438,0.581,8600,26
11.413,1.23,0.456,0.74,10450,37
7.784,1.289,0.299,0.359,7650,21
16.542,1.143,0.296,0.782,2160,32
13.988,0.989,0.552,0.31,1440,31
16.372,0.952,0.264,0.337,500,26
18.214,2.751,0.416,0.873,9830,42
15.299,1.022,0.657,0.445,8750,35
6.026,0.609,0.166,0.424,8660,18
11.942,0.851,0.191,0.156,870,18
11.192,0.516,0.568,0.487,2500,29
14.71,0.776,0.558,0.388,7260,30
11.582,0.758,0.373,0.594,9960,26
15.91,0.475,0.152,0.241,8600,19
7.825,1.777,0.348,0.494,5670,27
12.574,1.512,0.739,0.695,2210,39
13.999,0.909,0.381,0.302,4990,29
17.688,1.502,0.979,0.403,1060,46
8.404,0.875,0.049,0.666,4810,18
8.191,0.724,0.569,0.664,510,31
20.729,1.127,0.53,0.413,5540,40
11.483,1.088,0.147,0.303,1760,20
16.109,0.696,0.321,0.617,3360,28
5.982,0.336,0.277,0.402,9610,17
17.597,0.936,0.309,0.296,8650,28
12.666,0.773,0.228,0.771,4300,28
9.072,0.447,0.039,0.239,8960,12
30.25,2.144,0.572,0.373,6850,56
21.559,1.585,0.826,0.257,3030,45
13.695,0.4,0.264,0.26,7920,24
6.881,0.399,0.278,0.674,7250,22
24.878,1.57,0.467,0.278,7170,37
16.147,1.7,0.496,0.33,8970,50
14.234,0.705,0.644,0.68,2030,35
15.678,1.419,0.279,0.23,9110,25
20.156,2.002,0.734,0.856,4620,51
19.341,0.737,0.273,0.54,3250,29
18.903,1.179,0.549,0.723,5070,42
9.522,0.87,0.362,0.513,8080,26
11.427,1.102,0.445,0.117,6550,25
18.696,1.521,0.683,0.766,10480,45
10.167,0.316,0.469,0.652,5150,28
14.274,1.234,0.522,0.637,7800,35
18.185,0.781,0.677,0.791,3310,46
15.388,1.038,0.433,0.821,8720,42
18.257,0.895,0.657,0.218,6900,37
19.395,1.734,0.693,0.764,2190,50
15.039,0.966,0.336,0.388,8610,27
3.054,0.395,0.51,0.289,8080,21
15.406,0.697,0.656,0.223,7360,32
15.127,2.455,0.62,0.852,8470,43
8.625,0.805,0.153,0.55,4930,22
14.62,0.616,0.301,0.476,8790,26
14.113,0.323,0.385,0.712,2750,30
16.947,0.258,0.069,0.093,6780,16
9.712,1.327,0.84,0.774,20,42
12.55,0.605,0.508,0.205,3770,27
19.787,2.36,0.981,0.654,1820,51
16.379,2.402,0.469,0.614,6230,38
18.937,1.882,0.688,0.925,3140,50
9.15,0.697,0.362,0.626,7290,27
16.334,1.557,0.468,0.646,1120,49
7.869,0.457,0.739,0.206,5500,27
16.892,1.702,0.403,0.72,1440,40
0.0,0.829,0.1,0.766,7000,17
14.008,0.621,0.182,0.261,2110,26
5.32,0.895,0.218,0.27,4680,15
15.931,1.489,0.358,0.834,460,39
13.92,1.036,0.3,0.226,5530,25
14.692,0.663,0.457,0.096,3550,23
11.236,1.179,0.239,0.457,4680,23
21.559,0.729,0.802,0.433,5460,41
24.394,1.587,0.53,0.399,8290,48
16.464,1.677,0.553,0.559,6250,39
12.632,1.01,0.452,0.379,9140,34
15.742,0.531,0.678,0.574,8930,39
15.86,0.587,0.395,0.677,9570,36
10.865,0.811,0.282,0.727,8720,28
14.884,1.28,0.533,0.2,4060,31
18.066,1.6,0.58,0.44,9440,41
9.855,1.314,0.42,0.275,6440,27
12.874,0.386,0.438,0.736,6870,31
8.323,0.924,0.483,0.382,390,26
11.395,0.409,0.513,0.526,9550,31
9.984,0.914,0.244,0.232,9510,19
23.303,1.961,0.815,0.161,2920,42
8.928,0.206,0.243,0.053,8150,14
8.356,0.334,0.447,0.329,6400,22
16.994,1.187,0.461,0.744,-410,39
10.395,0.175,0.02,0.425,1610,14
15.424,0.314,0.395,0.281,-90,26
14.533,1.167,0.547,0.182,6620,31
9.21,0.714,0.446,0.156,8980,22
11.664,1.49,0.631,0.466,6130,36
20.549,1.879,0.772,0.858,4590,56
16.342,1.493,0.589,0.489,7700,46
16.329,1.166,0.256,0.628,6260,29
10.959,2.725,0.228,0.361,6990,28
20.513,1.107,0.368,0.153,-440,27
12.281,1.621,0.393,0.216,3760,25
18.493,1.963,0.484,0.306,2870,41
11.081,1.089,0.589,0.628,2580,40
13.677,0.756,0.481,0.169,5250,25
14.143,0.414,0.334,0.476,6920,26
7.702,0.526,0.236,0.175,9340,16
24.194,1.661,0.627,0.36,7580,40
13.802,1.252,0.363,0.277,3690,25
12.753,0.814,0.203,0.513,2380,23
18.485,1.232,0.314,0.518,8410,31
5.416,0.895,0.32,0.739,3330,26
13.782,2.023,0.338,0.546,8030,33
7.812,0.832,0.22,0.124,8650,16
14.5,1.405,0.446,0.2,4100,42
19.318,1.686,0.883,0.318,4640,53
13.785,1.123,0.237,0.589,5500,27
10.884,0.273,0.397,0.554,6680,27
16.603,1.076,0.717,0.198,5060,35
14.124,0.979,0.778,0.507,4940,45
8.234,0.458,0.15,0.416,3240,18
11.208,1.164,0.323,0.772,6160,29
17.145,1.459,0.725,0.584,9830,40
12.83,0.698,0.018,0.308,7260,16
10.344,1.16,0.369,0.862,4920,35
12.347,0.798,0.243,0.195,4050,20
9.187,1.016,0.534,0.614,9110,32
7.714,0.049,0.347,0.622,220,23
18.342,1.599,0.669,0.369,1180,38
22.045,2.141,0.456,0.896,530,43
17.438,1.434,0.261,0.133,960,23
13.106,1.393,0.269,0.274,7820,25
31.442,1.996,0.52,0.826,7780,54
17.15,1.742,0.38,0.419,11080,33
18.488,0.859,0.233,0.455,6980,26
10.488,0.745,0.03,0.891,6570,25
13.486,0.401,0.275,0.481,6110,25
9.35,0.567,0.383,0.597,8530,27
8.903,0.627,0.365,0.124,1330,19
9.086,0.747,0.058,0.235,9220,13
18.456,0.949,0.595,0.744,7650,40
28.969,1.71,0.385,0.426,9870,41
18.863,0.823,0.579,0.475,6190,34
14.517,1.106,0.322,0.16,8620,25
17.49,0.987,0.313,0.859,3190,33
8.461,0.219,0.06,0.497,6310,16
24.924,1.218,0.747,0.675,6220,49
24.064,1.712,0.851,0.658,10010,52
13.312,0.643,0.111,0.242,2370,18
22.159,1.616,0.654,0.889,3280,51
24.153,1.563,0.93,0.413,1950,49
10.871,0.852,0.503,0.339,9350,30
28.184,1.879,0.835,0.709,4290,60
15.964,0.598,0.495,0.307,7420,27
10.506,1.643,0.325,0.851,6800,32
11.002,0.874,0.461,0.45,2070,25
14.978,1.083,0.463,0.243,-70,28
16.133,1.024,0.633,0.507,5270,34
4.918,0.603,0.216,0.092,310,11
17.2,1.187,0.452,0.677,5370,34
7.166,0.58,0.301,0.431,5590,23
18.317,1.293,0.546,0.197,680,35
11.535,0.647,0.38,0.424,5600,25
10.786,1.629,0.311,0.125,7740,24
6.296,1.171,0.702,0.671,7000,35
35.887,2.195,0.541,0.451,4030,54
18.27,0.452,0.561,0.115,3840,29
13.511,0.628,0.299,0.243,2690,22
14.431,0.899,0.605,0.59,1550,34
11.937,0.354,0.114,0.816,9700,23
16.689,1.511,0.362,0.828,1870,43
11.164,0.674,0.596,0.801,4010,34
26.733,1.662,0.759,0.395,2050,56
12.922,0.637,0.226,0.328,4840,25
18.347,1.5,0.267,0.712,8040,42
20.214,1.625,0.905,0.138,9160,43
11.348,0.545,0.169,0.591,5080,22
36.804,1.468,0.466,0.582,9480,55
10.319,0.446,0.248,0.761,5890,24
4.598,0.741,0.272,0.73,5770,23
15.46,2.503,0.414,0.357,7860,33
14.762,1.877,0.796,0.258,8680,52
10.966,0.457,0.339,0.679,6900,27
10.94,0.045,0.518,0.069,6670,22
9.398,0.463,0.187,0.445,8080,18
7.071,0.439,0.393,0.242,1920,21
7.054,0.74,0.166,0.41,3050,18
11.137,0.96,0.407,0.321,1070,30
15.092,1.252,0.248,0.716,8100,32
13.797,0.524,0.043,0.579,5510,22
12.861,0.518,0.005,0.241,9500,15
10.607,0.731,0.228,0.293,5390,21
6.667,0.397,0.257,0.461,5630,21
9.102,1.478,0.133,0.436,1950,21
11.502,0.295,0.154,0.433,5790,18
16.276,0.592,0.466,0.349,7560,30
11.834,1.903,0.65,0.891,5860,41
15.949,1.311,0.5,0.464,7120,33
4.212,0.59,0.258,0.502,-400,17
17.623,1.037,0.348,0.592,4590,32
6.857,0.271,0.383,0.532,2900,21
4.705,2.31,0.058,0.59,4880,21
10.802,0.312,0.366,0.102,3150,20
8.406,1.524,0.469,0.754,2360,41
24.164,1.64,0.642,0.765,4600,49
18.964,0.891,0.261,0.716,6900,38
13.808,0.895,0.252,0.457,2250,24
13.632,1.065,0.394,0.207,7640,26
17.072,1.862,0.518,0.229,6880,39
12.761,2.597,0.322,0.332,2730,31
13.364,0.716,0.311,0.759,4450,29
11.007,0.515,0.264,0.773,8890,26
17.376,1.486,0.503,0.5,7150,34
10.94,1.186,0.476,0.227,6980,33
10.448,0.789,0.407,0.576,5220,28
5.239,0.096,0.359,0.739,70,22
15.38,0.339,0.166,0.623,4060,26
22.556,1.557,0.804,0.866,2780,55
14.458,0.81,0.284,0.571,3360,30
10.596,0.831,0.49,0.542,8470,29
20.757,1.177,0.538,0.815,-70,40
18.902,1.59,0.543,0.849,2470,48
20.048,1.319,0.405,0.149,4930,31
27.164,1.912,0.655,0.441,-30,47
8.277,0.408,0.004,0.531,5240,15
14.996,0.182,0.425,0.267,6020,25
5.725,0.591,0.168,0.313,7230,16
8.792,0.415,0.255,0.216,7110,18
19.417,2.008,0.82,0.83,4880,52
4.177,0.781,0.121,0.359,8800,16
8.833,0.357,0.147,0.14,410,13
34.373,1.813,0.497,0.279,1840,46
5.066,0.645,0.16,0.313,950,14
21.625,2.137,0.936,0.91,4980,56
9.938,0.618,0.192,0.256,340,17
17.771,0.882,0.449,0.498,230,30
21.314,1.455,0.665,0.21,5830,38
11.942,0.959,0.62,0.254,2920,28
7.768,0.759,0.439,0.25,6650,21
3.147,0.212,0.017,0.377,8110,10
9.362,0.626,0.016,0.489,7060,15
7.9,0.986,0.213,0.707,5240,25
8.368,0.485,0.421,0.203,9050,22
10.645,0.419,0.097,0.701,1020,22
10.966,0.764,0.277,0.539,130,22
28.534,1.548,0.633,0.558,2310,46
9.113,0.364,0.184,0.162,2820,16
13.666,0.918,0.145,0.559,8770,24
6.085,0.61,0.354,0.208,6670,16
28.28,2.013,0.824,0.692,4030,58
13.329,0.889,0.572,0.638,4250,32
13.477,0.341,0.128,0.16,370,14
12.772,0.324,0.196,0.378,6900,20
23.018,0.94,0.17,0.517,1100,30
28.385,1.902,0.634,0.24,3900,44
10.658,1.289,0.551,0.728,-290,33
19.135,2.946,0.638,0.471,9470,46
13.109,0.971,0.45,0.195,5860,25
17.736,2.845,0.764,0.547,6540,63
10.685,1.305,0.348,0.827,6980,33
16.005,0.96,0.462,0.154,6550,29
9.273,0.703,0.3,0.234,7200,18
21.686,0.37,0.341,0.682,5790,37
15.79,0.708,0.478,0.667,3730,37
23.726,1.828,0.453,0.564,8350,44
8.234,0.815,0.139,0.346,9940,17
12.634,1.23,0.352,0.35,2970,27
16.646,1.591,0.552,0.245,7210,34
15.721,1.203,0.171,0.262,5810,25
14.876,0.864,0.287,0.196,3740,22
22.123,1.41,0.678,0.308,6380,41
11.665,0.762,0.116,0.557,540,20
23.908,1.741,0.649,0.698,9980,55
8.354,0.635,0.1,0.733,9830,22
17.728,1.892,0.529,0.881,2900,43
16.108,1.532,0.467,0.597,6180,37
23.845,1.333,0.71,0.378,2570,40
9.535,0.316,0.205,0.707,5020,22
10.104,0.876,0.551,0.476,5910,29
9.009,0.903,0.35,0.658,8090,27
13.228,0.934,0.698,0.724,6980,40
17.705,1.317,0.615,0.341,1940,37
16.538,1.143,0.349,0.43,1030,31
13.166,0.151,0.332,0.261,1830,21
23.992,1.546,0.432,0.48,4790,38
15.617,0.849,0.629,0.21,4640,31
11.359,0.883,0.035,0.221,4820,20
23.599,1.695,0.745,0.559,3100,67
7.563,1.453,0.63,0.505,1180,31
11.653,1.085,0.517,0.17,1500,28
9.48,0.365,0.231,0.324,930,18
11.045,0.721,0.271,0.221,2160,20
11.599,0.351,0.219,0.116,2950,16
16.577,0.359,0.639,0.39,5090,32
19.282,1.119,0.479,0.824,8330,40
20.552,1.586,0.27,0.831,8770,38
16.567,1.753,0.838,0.54,8850,49
18.957,1.282,0.363,0.68,2130,35
9.013,1.008,0.233,0.514,3750,24
15.533,0.489,0.162,0.475,2910,24
16.012,1.131,0.52,0.68,7990,36
7.503,0.407,0.478,0.604,1310,25
10.246,0.845,0.287,0.728,2850,28
15.46,1.075,0.447,0.878,6020,41
10.375,1.159,0.376,0.678,460,29
7.61,0.132,0.333,0.698,8770,23
8.284,0.416,0.452,0.605,9030,26
6.513,0.356,0.135,0.445,170,17
7.613,0.592,0.244,0.182,5200,15
22.415,1.837,0.765,0.858,290,51
21.237,1.979,0.575,0.299,8410,39
18.811,1.911,0.739,0.309,7590,41
18.551,0.657,0.465,0.394,3730,33
14.687,0.619,0.138,0.225,3750,18
22.367,1.456,0.431,0.443,5750,44
7.776,0.853,0.494,0.4,3630,24
15.608,0.719,0.698,0.17,4240,31
17.649,0.349,-0.025,0.707,1260,22
8.893,0.623,0.472,0.823,4560,34
17.248,0.73,0.488,0.241,2180,29
5.531,0.747,0.377,0.474,4480,21
11.222,0.439,0.252,0.548,8150,22
12.097,0.795,0.446,0.398,2520,30
12.011,0.798,0.337,0.777,2550,33
19.412,1.597,0.635,0.571,5080,41
5.138,2.094,0.097,0.274,950,16
11.889,0.487,0.248,0.673,3440,26
14.841,0.788,0.455,0.188,4620,27
10.962,0.7,0.404,0.275,8100,24
23.062,1.293,0.381,0.827,1740,45
10.527,0.754,0.499,0.756,7150,32
11.584,0.315,0.1,0.613,2300,19
15.333,2.612,0.171,0.597,9470,33
20.084,1.171,0.171,0.507,9130,34
10.953,0.605,0.244,0.613,3920,27
24.742,1.348,0.461,0.348,9430,37
3.593,0.581,0.004,0.548,5200,16
13.771,0.465,0.227,0.694,5220,25
12.632,1.083,0.647,0.276,9380,37
10.05,0.383,0.372,0.136,1280,27
7.567,0.632,0.094,0.244,9460,18
23.897,1.391,0.787,0.297,1950,42
9.346,0.271,0.216,0.573,9030,22
15.183,0.796,0.504,0.171,8710,31
17.761,1.683,0.654,0.38,2820,39
16.422,1.032,0.64,0.399,600,43
14.703,0.845,0.427,0.558,880,37
9.124,0.658,0.226,0.647,8620,21
12.619,1.754,0.575,0.816,3290,40
10.472,0.692,0.624,0.222,7360,29
14.073,0.991,0.53,0.389,7080,33
10.224,1.177,0.267,0.421,8540,27
21.847,0.944,0.385,0.313,1550,30
10.915,0.39,0.438,0.499,8970,28
24.307,0.781,0.378,0.741,-170,37
11.616,0.235,0.071,0.148,9210,12
10.004,0.846,0.092,0.267,9260,16
22.994,2.121,0.663,0.745,7060,53
8.686,1.135,0.509,0.561,8980,30
8.974,0.118,0.333,0.099,6340,14
15.617,2.163,0.486,0.672,9210,41
17.067,1.633,0.661,1.029,410,50
7.361,2.449,0.005,0.233,8350,19
13.085,0.55,0.103,0.158,4730,14
9.899,0.532,0.217,0.766,5160,27
18.886,0.575,0.31,0.582,8140,32
7.711,1.371,0.4,0.612,9490,33
10.434,0.396,0.09,0.101,8110,13
12.341,2.522,0.369,0.347,1240,34
17.601,0.629,0.152,0.381,1440,22
17.256,0.856,0.554,0.482,9940,35
12.696,1.659,0.303,0.659,4950,34
22.116,1.905,0.524,0.296,7450,38
9.132,0.467,0.327,0.374,5880,22
7.647,1.333,0.222,0.868,9640,29
14.177,2.477,0.581,0.721,5390,40
7.007,0.137,0.145,0.339,4240,15
15.815,0.812,0.424,0.47,10610,32
8.522,0.349,0.081,0.699,1810,22
10.045,0.489,0.463,0.479,7310,29
16.426,1.009,0.305,0.733,3180,35
18.096,1.479,0.435,0.522,7010,37
18.391,1.757,0.315,0.479,2670,34
12.174,0.75,0.44,0.267,9710,28
22.273,1.198,0.469,0.721,3140,46
12.954,0.585,0.54,0.402,6060,28
9.959,1.098,0.451,0.506,5780,29
3.013,1.367,0.703,0.436,8960,29
18.411,0.789,0.557,0.346,7230,37
10.976,0.804,0.291,0.663,7160,26
15.622,0.78,0.469,0.312,9020,33
21.877,1.951,0.46,0.895,60,48
21.133,1.936,0.67,0.556,7150,47
15.477,0.762,0.487,0.188,2570,29
11.95,0.425,0.471,0.442,8210,27
27.438,1.424,0.619,0.76,5000,48
27.105,2.05,0.827,0.387,5090,53
11.342,0.0,0.265,0.003,10160,17
10.302,2.457,0.459,0.303,9920,32
8.042,0.253,0.283,0.677,7470,23
16.227,1.468,0.772,0.676,-250,42
10.46,1.602,0.42,0.346,2370,26
18.626,0.89,0.749,0.267,3840,38
11.814,0.499,0.119,0.658,2490,21
11.287,0.619,0.12,0.229,890,16
14.165,1.668,0.426,0.548,9040,34
12.65,0.663,0.465,0.236,390,24
12.27,0.799,0.492,0.153,5290,26
16.77,1.935,0.894,0.34,10220,65
17.401,1.0,0.118,0.39,8770,27
22.665,1.066,0.327,0.796,1780,38
16.356,0.739,0.313,0.608,10300,29
29.28,1.932,0.409,0.498,5510,49
5.014,0.845,0.098,0.371,6270,14
10.357,0.778,0.374,0.082,1390,19
10.246,1.01,0.508,0.501,3800,28
15.967,1.037,0.753,0.051,3280,33
1.399,2.212,0.434,0.228,1890,23
19.666,1.136,0.485,0.413,9170,38
5.351,0.834,0.468,0.71,7860,27
12.225,1.043,0.332,0.421,780,26
15.875,1.279,0.34,0.681,8210,35
23.064,1.139,0.764,0.329,6600,47
3.735,0.705,0.185,0.482,5480,22
17.111,1.154,0.442,0.742,2220,37
7.788,2.166,0.455,0.717,8990,38
16.816,1.134,0.233,0.576,7870,29
9.951,1.061,0.505,0.153,210,28
16.517,2.328,0.513,0.734,4520,40
12.559,0.088,0.045,0.568,6460,22
10.652,0.73,0.272,0.42,3640,23
20.346,0.85,0.394,0.369,4410,31
20.425,3.0,0.479,0.61,10000,43
16.994,1.139,0.335,0.702,8100,35
9.667,0.828,0.606,0.548,2170,31
17.118,1.018,0.632,0.28,2310,35
11.896,1.429,0.497,0.728,7730,35
19.357,1.486,0.282,0.563,8430,32
9.437,0.466,0.272,0.422,3980,22
18.47,1.084,0.694,0.414,6920,37
16.267,0.65,0.386,0.3,3910,26
13.074,0.382,0.17,0.386,9080,21
11.735,0.913,0.607,0.233,5720,28
20.425,1.791,0.578,0.721,5040,54
23.361,1.228,0.505,0.283,5400,37
15.875,1.655,0.611,0.809,1220,41
10.128,0.153,0.121,0.266,1500,14
21.954,1.632,0.301,0.524,10060,39
8.298,0.551,0.22,0.724,-260,21
12.216,0.99,0.61,0.265,5310,29
10.686,2.0,0.458,0.196,5260,28
17.064,1.01,0.269,0.739,9920,34
12.378,1.077,0.464,0.494,390,31
7.003,0.372,0.211,0.259,5320,16
24.785,2.645,0.831,0.565,5470,69
17.212,1.532,0.583,0.581,5550,45
14.372,0.394,0.336,0.436,3840,24
10.545,1.213,0.456,0.501,5540,29
17.9,1.375,0.436,0.525,3370,32
9.095,0.164,0.32,0.113,5680,17
13.605,0.651,0.5,0.35,1670,28
13.427,0.782,0.615,0.436,9590,32
15.055,0.439,0.638,0.335,4930,32
9.143,0.179,0.469,0.297,4150,24
8.649,1.209,0.304,0.397,2430,23
12.142,0.315,0.084,0.728,8560,24
7.448,0.379,0.016,0.605,420,15
9.149,0.712,0.2,0.775,1320,25
22.391,1.359,0.416,0.544,8710,39
13.556,1.048,0.402,0.729,9440,32
16.432,0.522,0.19,0.648,1620,25
19.654,1.198,0.643,0.225,510,36
6.979,0.55,0.053,0.278,1790,14
13.897,1.76,0.661,0.21,9330,35
17.617,0.629,-0.036,0.216,3560,17
20.141,0.662,0.577,0.408,8800,36
17.261,0.789,0.333,0.81,1210,34
22.481,1.477,0.451,0.815,8590,44
10.46,2.436,0.374,0.212,730,27
11.586,0.681,0.066,0.653,4540,21
13.314,1.329,0.409,0.545,2170,30
22.346,0.426,0.32,0.118,8310,27
14.076,0.984,0.386,0.56,5270,32
18.38,1.296,0.544,0.685,10350,38
17.961,2.656,0.248,0.273,5740,36
13.111,0.821,0.386,0.304,3390,27
19.1,1.014,0.503,0.448,6930,34
6.507,0.769,0.183,0.128,8880,17
19.52,1.826,0.457,0.497,2360,39
3.541,0.328,0.139,0.42,3360,15
17.394,0.491,0.429,0.117,6720,25
16.151,2.004,0.614,0.229,1650,37
9.944,0.687,0.24,0.6,8050,24
5.557,0.398,0.4,0.501,1700,23
13.981,0.953,0.543,0.501,6500,32
30.295,1.529,1.021,0.225,3910,54
14.743,0.244,0.555,0.578,7830,32
11.991,1.097,0.222,0.863,2390,31
17.305,0.231,0.133,0.696,390,26
17.197,0.555,0.354,0.641,9440,32
11.274,0.758,0.504,0.736,9070,32
15.497,0.582,0.293,0.265,2170,21
16.236,0.824,0.529,0.566,6680,36
12.246,0.915,0.426,0.659,1710,28
10.816,0.452,0.18,0.446,9580,26
6.967,0.141,0.133,0.361,9860,14
11.859,1.035,0.58,0.673,7090,34
13.802,1.298,0.563,0.723,7330,38
5.536,0.41,0.311,0.382,1540,18
13.42,1.526,0.274,0.288,6720,26
8.58,0.668,0.453,0.356,9740,25
13.746,0.907,0.311,0.354,5010,25
8.625,0.36,0.037,0.446,8250,16
16.929,1.226,0.35,0.304,80,32
18.6,2.602,0.403,0.569,950,45
13.782,1.357,0.666,0.25,9600,43
5.683,0.525,0.313,0.158,7800,15
12.213,1.003,0.16,0.286,2040,19
13.963,0.339,0.415,0.124,1670,23
7.18,2.657,0.224,0.367,7370,29
11.859,0.855,0.455,0.29,930,31
24.189,1.404,0.583,0.686,4820,43
21.38,1.533,0.714,0.376,9580,43
16.989,0.75,0.293,0.564,6870,30
8.149,0.469,0.232,0.458,4790,20
15.102,0.707,0.394,0.563,10120,31
7.952,0.552,0.455,0.134,6980,29
12.62,0.558,0.129,0.676,6350,24
16.138,0.971,0.13,0.682,6840,27
12.51,0.534,0.172,0.493,140,21
13.291,0.457,0.396,0.365,8350,27
17.368,1.434,0.543,0.372,4480,37
21.37,1.525,0.654,0.612,2090,43
12.275,0.764,0.434,0.268,2750,25
17.403,1.423,0.619,0.431,4930,43
6.639,1.023,0.101,0.752,2330,21
7.911,0.696,0.577,0.163,4220,24
26.957,1.472,0.361,0.627,5340,39
14.388,0.864,0.245,0.782,7620,30
8.85,1.653,0.387,0.708,4720,31
15.223,0.967,0.116,0.315,1430,21
15.552,0.964,0.415,0.42,5610,30
28.531,1.659,0.755,0.542,3630,49
9.919,0.376,0.212,0.723,2620,26
7.592,0.829,0.416,0.621,7370,26
18.466,0.758,0.283,0.704,5800,40
20.672,1.353,0.701,0.32,400,43
8.238,0.431,0.316,0.305,5160,20
9.039,0.156,0.21,0.157,5650,15
11.114,1.197,0.438,0.758,-40,34
18.399,1.501,0.444,0.868,4060,52
7.121,0.7,0.565,0.52,9760,32
22.845,1.55,0.803,0.24,580,44
8.915,0.41,0.08,0.515,9590,18
11.964,0.417,0.243,0.639,8970,25
9.136,0.517,0.288,0.317,2220,22
12.037,1.016,0.639,0.482,10100,35
15.75,0.677,0.088,0.227,8830,20
15.872,0.877,0.399,0.379,90,28
13.46,0.883,0.485,0.018,8450,27
24.351,1.177,0.225,0.471,870,32
14.938,1.514,0.575,0.514,5740,38
20.688,0.813,0.27,0.664,1830,36
11.203,0.626,0.332,0.591,9250,26
31.282,1.741,0.599,0.394,1540,46
15.499,0.66,0.466,0.661,8130,42
13.886,0.93,0.513,0.543,3770,32
11.805,1.606,0.621,0.498,5790,33
9.173,0.648,0.202,0.457,7460,19
20.786,1.494,0.724,0.547,8480,42
8.417,0.869,0.291,0.179,2540,20
25.11,1.66,0.652,0.858,8640,51
12.497,0.327,0.486,0.229,2890,25
15.709,0.801,0.327,0.558,950,32
27.791,1.399,0.6,0.927,10280,51
11.949,0.665,0.366,0.387,8180,27
16.184,0.437,0.058,0.353,3950,20
22.959,1.797,0.889,0.277,8020,50
8.231,0.564,0.285,0.547,70,23
11.847,0.564,0.542,0.534,3350,31
3.452,0.747,0.019,0.482,3420,14
10.816,0.968,0.351,0.129,3200,22
13.935,1.412,0.903,0.801,9610,47
11.167,0.66,0.389,0.656,1460,27
22.455,1.101,0.372,0.429,7190,42
8.635,0.881,0.668,0.06,5720,26
14.82,0.986,0.423,0.562,3290,31
11.043,0.095,0.308,0.011,4240,17
12.117,0.865,0.21,0.29,8130,21
13.093,0.63,0.427,0.517,4820,30
16.58,1.021,0.084,0.568,5650,25
13.401,1.112,0.307,0.36,3430,36
6.829,0.644,0.144,0.506,5640,20
6.94,0.607,0.205,0.4,8830,20
12.002,1.14,0.396,0.558,2090,32
10.51,0.971,0.538,0.663,4530,35
16.907,1.394,0.429,0.596,3290,34
14.072,0.879,0.371,0.479,2370,29
16.917,0.806,0.239,0.429,7030,26
7.955,0.461,0.408,0.712,5820,27
17.625,1.713,0.712,0.675,6090,44
9.122,0.369,0.49,0.106,1650,21
9.67,0.561,0.284,0.644,5710,25
14.291,1.239,0.309,0.828,8740,35
5.779,0.11,0.263,0.02,9370,12
18.276,0.442,0.401,0.5,5150,33
18.514,0.379,0.681,0.777,1740,44
16.614,1.092,0.255,0.463,2700,26
6.775,0.626,0.422,0.359,4680,21
16.088,1.355,0.358,0.319,5280,30
13.503,1.008,0.493,0.498,10000,35
15.363,0.231,0.304,0.73,3600,27
12.426,0.186,0.128,0.621,4380,20
22.771,0.808,0.204,0.274,8610,28
12.029,0.802,0.43,0.561,4840,28
14.281,0.611,0.009,0.633,8680,23
16.009,0.67,0.644,0.1,9490,29
9.255,0.431,0.33,0.333,6450,20
10.827,1.007,0.199,0.544,5800,27
16.892,0.302,0.752,0.614,4920,43
13.394,0.873,0.262,0.61,4040,29
19.881,0.959,0.296,0.196,2750,30
17.522,0.586,0.418,0.766,3230,34
17.594,0.139,0.47,0.372,5730,29
11.286,0.402,0.374,0.383,7890,25
14.168,0.755,0.189,0.294,8870,20
11.713,0.823,0.534,0.75,4020,39
18.454,1.11,0.404,0.665,1850,35
13.334,1.128,0.243,0.823,5100,29
13.493,1.871,0.421,0.409,960,33
13.161,0.884,0.495,0.713,3200,33
16.358,0.886,0.278,0.26,7190,24
9.514,0.681,0.303,0.436,3850,22
7.602,0.424,0.223,0.226,2410,14
10.286,1.727,0.139,0.413,4500,25
10.435,0.709,0.416,0.348,900,22
10.428,0.607,0.423,0.522,5040,25
6.339,0.347,0.398,0.393,10140,20
14.378,1.986,0.556,0.807,5470,40
14.669,1.251,0.58,0.208,2430,29
27.986,1.971,0.552,0.371,9490,52
11.076,1.156,0.147,0.771,5350,25
27.17,1.911,0.435,0.921,9330,52
10.731,0.143,0.02,0.3,260,12
5.814,1.279,0.189,0.805,3180,24
15.726,0.362,0.448,0.604,7550,31
24.388,2.239,0.647,0.396,4490,45
5.446,0.265,0.482,0.568,7780,25
9.523,0.537,0.137,0.57,6640,22
19.679,1.292,0.442,0.384,2480,34
12.704,1.147,0.682,0.241,5570,31
19.032,0.895,0.637,0.693,6680,52
17.874,0.96,0.643,0.507,5530,35
25.875,0.81,0.212,0.557,2480,32
12.914,0.741,0.237,0.797,2710,26
10.308,1.624,0.45,0.349,5100,27
11.991,1.026,0.698,0.354,3140,35
19.559,1.954,0.762,0.715,8730,46
12.103,0.34,0.249,0.374,1020,23
29.112,2.055,0.565,0.289,1960,46
12.309,1.191,0.403,0.756,6670,33
12.402,0.64,0.25,0.73,1460,27
10.81,1.099,0.401,0.526,2680,27
15.617,1.227,0.37,0.658,2620,39
17.371,1.219,0.522,0.366,1450,35
15.17,0.813,0.243,0.665,9630,31
12.003,2.847,0.318,0.144,7740,28
9.549,1.416,0.398,0.543,1430,27
23.028,1.141,0.31,0.954,1670,47
12.344,0.399,0.46,0.173,4570,23
17.763,1.512,0.8,0.379,2980,51
12.143,0.469,0.228,0.355,7810,26
13.28,1.322,0.309,0.377,1210,27
21.914,0.897,0.579,0.199,3960,34
16.643,0.768,0.588,0.278,1360,34
8.411,0.695,0.402,0.664,170,25
14.813,1.334,0.524,0.281,7620,32
5.305,0.164,0.454,0.265,4200,21
11.414,0.755,0.381,0.466,9470,26
18.525,0.919,0.422,0.196,9530,33
11.293,0.938,0.307,0.325,9760,24
19.195,0.681,0.322,0.661,4370,31
18.588,1.375,0.778,0.28,4830,41
19.1,1.725,0.741,0.774,3470,45
12.867,0.907,0.238,0.197,5030,23
12.621,1.088,0.475,0.763,680,32
10.91,0.536,0.141,0.144,10120,19
16.595,1.629,0.469,0.485,3860,34
11.096,0.653,0.291,0.124,6100,17
29.677,2.626,0.668,0.429,4690,65
17.3,1.408,0.439,0.613,7730,35
10.088,0.951,0.604,0.548,8740,34
18.147,2.027,0.522,0.107,7350,33
15.132,1.31,0.433,0.79,6520,36
12.791,0.444,0.218,0.484,7170,22
10.899,0.366,0.388,0.234,6580,21
16.526,1.285,0.355,0.676,9500,35
13.443,2.499,0.417,0.654,8240,38
14.524,0.114,0.141,0.672,3830,23
6.852,1.394,0.257,0.224,1310,17
10.586,1.244,0.528,0.38,7390,31
10.417,0.063,0.183,0.502,3730,22
6.717,0.384,0.404,0.823,1760,28
18.595,1.511,0.602,0.87,5630,44
22.837,0.941,0.609,0.706,10340,48
28.375,1.65,0.599,0.451,4220,46
14.135,1.026,0.526,0.123,5310,31
23.551,0.82,0.383,0.533,700,32
23.778,1.725,0.533,0.308,2660,37
32.216,1.743,0.809,0.741,1060,54
9.56,0.552,0.259,0.451,6420,22
11.828,0.937,0.519,0.714,7640,35
32.74,1.252,0.682,0.27,440,49
6.704,0.231,0.494,0.618,6050,27
5.806,0.422,0.463,0.39,1650,23
8.106,2.109,0.138,0.593,300,26
11.914,0.466,0.361,0.631,6280,29
24.826,2.461,0.469,0.429,4550,42
6.281,0.503,0.119,0.612,10660,20
25.192,0.928,0.286,0.752,2840,43
11.148,0.497,0.358,0.581,920,25
9.864,0.475,0.163,0.464,5090,18
11.198,0.767,0.346,0.34,7570,24
19.284,1.178,0.645,0.501,5150,39
11.94,0.507,0.212,0.447,6710,26
8.095,0.455,0.158,0.261,9990,14
19.894,1.928,0.829,0.599,6490,56
9.85,1.585,0.257,0.502,8030,29
3.59,0.579,0.139,0.27,2100,12
8.619,0.12,0.465,0.488,8710,27
9.914,1.174,0.377,0.607,2740,30
8.865,0.768,0.345,0.265,3570,19
9.19,0.729,0.418,0.546,3330,27
18.242,0.772,0.243,0.401,4830,25
13.627,0.598,0.472,0.742,9760,32
13.93,1.637,0.719,0.112,6150,32
22.7,1.76,0.845,0.845,5160,52
9.553,0.43,0.224,0.335,6240,19
9.462,0.061,0.003,0.192,4020,10
15.325,1.281,0.668,0.42,8350,37
8.36,0.578,0.167,0.576,2850,21
17.506,0.717,0.189,0.665,3780,29
11.996,0.253,0.175,0.696,7080,25
19.681,2.772,0.601,0.425,4930,43
20.761,0.904,0.461,0.174,8810,30
15.693,1.137,0.584,0.553,8780,37
15.378,1.043,0.63,0.254,8960,40
14.403,0.353,0.324,0.493,6410,24
16.741,2.103,0.44,0.441,2740,35
18.064,2.008,0.76,0.305,7620,40
12.287,0.719,0.283,0.29,8380,23
11.107,0.84,0.35,0.324,2040,23
24.596,1.686,0.488,0.86,4250,54
21.039,1.439,0.52,0.571,4050,44
10.0,1.152,0.266,0.357,9490,22
20.898,1.428,0.488,0.182,3960,37
14.214,0.701,0.5,0.747,3750,34
8.434,0.249,0.355,0.541,1600,23
8.742,0.513,0.413,0.49,3420,26
16.621,0.362,0.5,0.344,9170,29
10.789,1.203,0.59,0.281,3720,34
19.755,1.219,0.835,0.318,9230,42
22.447,1.442,0.427,0.746,11300,42
14.767,1.184,0.31,0.821,9630,38
13.453,1.152,0.202,0.425,410,24
24.288,1.641,0.654,0.197,4990,49
18.595,0.848,0.383,0.432,6100,37
14.122,1.101,0.183,0.709,4480,29
6.327,0.603,0.179,0.196,9110,15
16.878,1.009,0.143,0.197,6860,22
5.328,0.253,0.401,0.126,1150,15
13.641,0.769,0.417,0.365,1280,28
20.682,1.094,0.463,0.55,9220,38
19.155,0.702,0.416,0.363,1030,30
8.285,0.703,0.475,0.348,7770,25
20.606,2.163,0.567,0.465,1960,40
16.089,2.806,0.304,0.246,6050,31
13.74,1.159,0.204,0.769,1020,29
3.571,0.648,0.289,0.137,6000,13
11.575,0.402,0.208,0.221,1180,19
15.288,1.841,0.773,0.722,2630,49
18.484,1.528,0.865,0.808,9200,50
12.383,1.418,0.236,0.228,7470,24
12.79,0.148,0.19,0.226,4440,16
17.339,0.746,0.596,0.187,7410,30
9.531,2.028,0.075,0.262,9900,19
2.007,0.752,0.023,0.761,9150,18
18.898,0.79,0.461,0.305,2660,32
8.898,1.695,0.318,0.636,3740,30
13.187,1.818,0.276,0.827,8560,33
12.477,0.551,0.415,0.456,3680,28
18.851,1.301,0.632,0.382,5260,39
13.455,1.559,0.185,0.239,8240,23
18.24,1.251,0.68,0.503,520,38
13.103,0.435,0.379,0.3,5940,22
7.708,0.538,0.141,0.845,8150,23
8.104,0.394,0.086,0.728,1440,20
15.037,1.786,0.637,0.163,1460,41
22.596,1.701,0.728,0.663,8650,47
11.48,1.741,0.65,0.29,4330,39
15.725,0.894,0.289,0.528,8440,27
22.634,1.81,0.76,0.232,4210,46
13.653,0.638,0.653,0.54,1420,34
8.566,0.87,0.256,0.595,1600,24
23.32,0.83,0.15,0.79,9830,37
28.27,1.562,0.351,0.334,6600,44
18.723,1.032,0.386,0.445,5880,37
17.058,1.227,0.578,0.886,1450,42
11.084,0.662,0.236,0.064,1120,19
2.783,0.358,0.331,0.453,6710,17
12.13,2.025,0.626,0.546,5040,36
5.506,1.261,0.384,0.283,9520,23
17.497,1.106,0.505,0.509,8560,36
12.498,0.921,0.4,0.351,8400,27
6.445,0.778,0.086,0.311,10020,15
12.73,0.94,0.451,0.531,2540,34
8.666,0.474,0.099,0.235,3060,18
13.621,1.993,0.441,0.576,4170,36
6.23,0.365,0.209,0.248,7680,13
20.828,0.89,0.564,0.586,9240,40
4.428,0.824,0.329,0.219,4460,16
10.306,0.393,0.047,0.615,7550,18
12.425,1.099,0.348,0.715,620,29
12.669,0.408,0.255,0.328,9490,21
13.583,0.451,0.362,0.392,2470,27
20.249,2.371,0.717,0.322,4250,40
13.73,1.319,0.777,0.237,2420,36
31.776,1.663,0.985,0.731,9340,61
17.272,0.746,0.394,0.684,3930,33
10.338,0.741,0.296,0.139,2690,18
11.32,0.896,0.468,0.562,5660,28
8.222,0.696,0.432,0.26,1720,22
8.267,0.566,0.269,0.281,9340,20
7.203,0.537,0.043,0.353,6300,17
7.699,0.708,0.579,0.568,7960,32
8.096,0.27,0.206,0.113,5930,14
6.085,0.959,0.213,0.574,1360,20
11.811,0.615,0.474,0.336,7790,27
6.574,0.607,0.415,0.096,8390,20
7.349,1.21,0.227,0.317,8010,24
10.586,0.436,0.212,0.735,2500,23
26.872,1.383,0.357,0.392,1640,35
18.324,1.602,0.734,0.243,5630,43
28.389,2.029,0.515,0.658,5820,47
17.011,1.29,0.511,0.419,9210,34
9.948,0.511,0.227,0.695,3430,22
24.284,2.036,0.532,0.941,8750,51
20.032,1.024,0.569,0.762,5740,42
6.352,0.76,0.321,0.129,2100,19
7.23,0.94,0.438,0.418,1670,23
14.956,1.771,0.599,0.29,7320,37
21.799,2.856,0.686,0.338,1570,43
8.838,1.0,0.501,0.065,8300,22
10.912,0.675,0.069,0.56,1020,19
14.594,0.774,0.449,0.316,1130,33
26.776,1.443,0.45,0.371,10080,42
11.367,0.887,0.495,0.482,9800,30
14.461,2.9,0.584,0.554,6930,40
14.595,0.958,0.583,0.34,760,42
14.354,1.057,0.437,0.541,8690,36
9.554,1.811,0.643,0.528,6220,38
24.934,1.73,0.588,0.273,6280,43
12.823,1.353,0.349,0.812,1060,37
21.096,1.248,0.514,0.551,4210,39
27.354,1.448,0.731,0.585,7130,60
15.324,0.638,0.415,0.149,3900,26
17.891,2.055,0.632,0.453,6250,46
16.072,0.886,0.611,0.819,4190,40
5.849,0.096,0.032,0.449,1920,11
5.322,0.683,0.127,0.752,9390,21
11.434,0.469,0.258,0.348,6190,21
5.874,0.297,0.357,0.467,9220,19
16.741,1.237,0.278,0.595,3760,32
18.274,1.801,0.414,0.271,9490,38
29.007,1.466,0.667,0.179,1180,45
12.424,0.84,0.14,0.273,4530,18
11.498,0.547,0.314,0.63,6860,29
26.51,1.153,0.488,0.175,2670,40
5.912,0.464,0.134,0.468,4720,15
10.205,0.795,0.114,0.29,5000,17
11.992,1.206,0.245,0.23,5890,22
16.939,1.317,0.538,0.656,3160,42
5.939,0.304,0.355,0.429,1760,18
15.181,0.782,0.574,0.555,5210,32
9.274,0.397,0.156,0.46,6540,21
8.592,0.751,0.198,0.554,5020,22
22.566,1.758,0.869,0.682,1680,52
20.321,1.116,0.347,0.696,8420,37
10.253,0.596,0.085,0.198,3400,15
13.551,0.527,0.35,0.815,2430,30
19.948,1.206,0.59,0.549,9740,39
11.626,0.843,0.419,0.815,3060,30
6.041,0.749,0.428,0.395,3250,22
0.505,0.393,0.158,0.37,5760,12
2.508,0.846,0.054,0.288,330,10
21.269,1.941,0.491,0.501,5220,42
11.871,0.385,0.291,0.399,4040,22
21.075,1.257,0.409,0.858,9030,56
0.851,0.592,0.047,0.354,8650,11
9.4,0.467,0.261,0.103,9380,18
9.899,0.512,0.253,0.667,4980,25
13.207,0.947,0.479,0.285,5090,28
13.538,1.058,0.594,0.492,1940,33
17.379,1.212,0.791,0.336,10220,41
13.098,0.737,0.575,0.577,8590,34
9.693,0.66,0.365,0.198,4720,18
6.168,0.763,0.097,0.332,1650,14
19.363,1.772,0.301,0.304,3230,31
5.073,2.451,0.393,0.237,470,23
17.156,1.294,0.505,0.254,5970,34
20.652,1.802,0.786,0.805,7260,48
20.858,0.811,0.43,0.728,3290,40
12.661,1.083,0.314,0.554,3240,27
20.993,0.795,0.5,0.554,5440,37
16.043,1.279,0.376,0.673,2720,34
10.148,0.997,0.418,0.21,3950,26
14.037,0.675,0.209,0.64,4280,27
12.619,0.206,0.309,0.717,3950,26
5.52,0.729,0.228,0.745,8030,25
6.462,0.434,0.508,0.684,5340,28
10.186,1.213,0.204,0.663,9540,27
13.345,0.069,0.263,0.123,8850,17
13.899,0.352,0.25,0.375,7110,23
8.083,0.585,0.296,0.851,7460,27
5.5,0.755,0.339,0.499,9500,22
24.828,0.861,0.323,0.665,9200,41
6.044,0.662,0.56,0.511,470,26
12.394,1.137,0.295,0.749,2050,31
13.139,0.656,0.452,0.198,3640,23
11.873,0.694,0.444,0.701,4120,34
20.56,0.683,0.385,0.138,750,32
30.941,1.439,0.46,0.372,5470,48
12.199,0.381,0.481,0.401,2430,25
29.972,1.996,0.985,0.404,2810,54
14.157,0.794,0.377,0.757,1070,30
13.071,0.898,0.234,0.869,6880,30
17.733,1.784,0.493,0.304,2600,45
10.071,0.791,-0.004,0.671,6270,19
15.986,1.578,0.725,0.431,4240,37
13.168,1.337,0.502,0.583,5880,38
7.774,1.111,0.251,0.301,7750,21
16.568,1.331,0.387,0.391,6820,33
17.517,2.019,0.495,0.781,2730,40
20.186,1.11,0.215,0.555,2520,30
15.685,1.152,0.512,0.606,1260,37
19.343,0.896,0.536,0.916,3460,40
22.871,0.96,0.338,0.416,950,33
9.081,0.473,0.237,0.175,8460,16
12.17,1.835,0.064,0.663,5280,25
7.679,0.255,0.372,0.731,2050,27
9.38,0.345,0.543,0.404,7240,27
10.039,2.439,0.516,0.757,3510,36
15.38,0.458,0.504,0.246,3980,38
10.983,0.199,0.06,0.171,2200,12
14.867,0.767,0.253,0.698,5440,34
10.779,0.217,0.477,0.414,9680,26
15.913,0.886,0.292,0.663,8950,29
7.445,2.792,0.008,0.26,2270,17
14.357,0.678,0.217,0.194,5310,21
11.071,0.344,0.265,0.555,5410,24
27.454,1.39,0.578,0.863,7700,52
17.467,0.905,0.4,0.518,7620,32
18.826,1.2,0.429,0.53,7580,37
13.749,1.422,0.186,0.436,6350,28
19.881,1.076,0.353,0.428,6990,34
21.295,1.402,0.329,0.768,1250,39
17.433,0.862,0.338,0.766,2150,37
21.75,1.411,0.694,0.33,320,39
18.051,1.868,0.505,0.751,6240,48
8.759,0.52,0.072,0.197,1820,11
19.652,0.968,0.744,0.641,7220,44
8.088,1.318,0.533,0.42,7840,28
17.415,0.731,0.578,0.313,9310,33
11.346,1.15,0.391,0.397,6870,26
3.936,0.405,0.401,0.157,8740,15
17.173,1.496,0.653,0.903,5880,43
8.095,0.888,0.177,0.166,7320,15
17.404,0.517,0.128,0.396,3530,23
25.607,1.293,0.713,0.096,9570,53
20.141,0.811,0.483,0.096,7990,30
11.876,0.196,0.237,0.364,7600,20
15.852,0.833,0.39,0.377,6990,29
17.717,1.311,0.488,0.3,1450,32
9.081,0.252,0.417,0.513,1090,24
9.246,1.842,0.51,0.128,2480,26
26.134,1.498,0.53,0.704,10510,45
24.75,1.969,0.482,0.588,1140,44
11.538,1.616,0.614,0.47,6620,41
12.69,1.422,0.637,0.105,9090,33
16.653,0.832,0.606,0.485,3040,35
13.67,1.146,0.653,0.282,4070,31
12.232,0.619,0.308,0.728,10940,28
12.684,0.482,0.149,0.601,5440,23
26.671,2.007,0.625,0.559,1020,55
15.829,0.763,0.395,0.378,7930,29
7.685,0.327,0.357,0.422,1180,19
13.573,0.95,0.772,0.613,3590,38
16.817,1.949,0.76,0.732,8510,50
8.32,0.655,0.099,0.546,8220,18
21.473,1.611,0.35,0.424,6610,44
15.819,1.907,0.648,0.376,2190,36
8.002,0.43,0.087,0.258,6690,14
8.197,0.217,0.55,0.691,7830,28
14.952,0.639,0.213,0.451,6220,24
11.97,1.157,0.625,0.553,8630,34
9.981,0.743,0.269,0.619,4860,24
15.773,1.203,0.334,0.525,920,33
15.787,1.185,0.239,0.682,3870,30
19.157,1.839,0.911,0.29,5270,52
9.107,0.266,0.225,0.355,4350,18
18.192,2.182,0.567,0.549,1320,40
18.492,2.008,0.773,0.818,4690,52
17.616,1.388,0.327,0.634,2090,38
20.696,1.253,0.416,0.515,2740,37
9.677,0.761,0.418,0.673,3590,27
33.218,2.642,0.479,0.418,6860,49
14.975,1.303,0.218,0.196,6300,21
13.469,0.817,0.21,0.2,1250,22
15.334,0.771,0.245,0.64,5860,29
21.205,1.186,0.448,0.418,9780,35
11.358,0.927,0.56,0.333,9070,28
10.775,1.081,0.377,0.728,6150,34
21.107,1.445,0.307,0.856,7650,40
8.315,2.77,0.127,0.679,6210,31
5.271,0.905,0.562,0.837,2800,36
8.064,0.908,0.455,0.264,5870,25
18.931,1.433,0.521,0.298,6160,35
8.135,2.065,0.075,0.184,2340,16
13.369,1.549,0.693,0.645,8910,40
10.71,0.63,0.205,0.385,1780,21
17.769,1.529,0.641,0.418,1140,38
10.09,0.48,0.532,0.234,9870,25
18.751,0.902,0.622,0.583,4540,39
19.332,1.523,0.344,0.847,5050,40
21.305,1.458,0.485,0.282,4720,35
4.43,0.807,0.073,0.084,2830,9
10.713,0.668,0.269,0.639,600,23
7.987,0.766,0.213,0.839,5420,28
25.506,1.694,0.67,0.576,5010,49
6.963,0.831,0.167,0.388,9320,21
21.492,1.369,0.511,0.771,4370,40
10.835,0.702,0.08,0.572,2350,20
19.364,1.551,0.527,0.351,2640,40
15.076,1.074,0.554,0.727,6310,37
14.872,1.286,0.816,0.43,8450,38
13.523,0.875,0.388,0.426,2750,25
17.743,1.203,0.62,0.645,7850,41
10.647,2.243,0.421,0.67,9640,36
9.246,0.693,0.361,0.411,2980,23
6.584,1.72,0.46,0.381,1360,30
31.096,1.745,0.837,0.64,6450,56
23.096,2.07,0.497,0.522,5430,42
13.199,0.336,0.252,0.236,2280,21
10.06,0.584,0.203,0.429,7370,19
15.253,1.285,0.242,0.37,490,26
14.981,1.623,0.603,0.43,1110,33
20.763,1.302,0.785,0.128,9710,42
16.097,2.117,0.696,0.421,6490,40
17.929,1.035,0.513,0.239,1820,29
17.645,2.323,0.762,0.78,6720,52
15.289,0.967,0.377,0.591,4050,33
12.053,0.875,0.372,0.743,3190,30
14.136,0.363,0.331,0.346,3160,22
9.199,0.832,0.229,0.382,3480,20
12.977,0.249,0.269,0.812,5660,28
9.902,0.682,-0.005,0.197,5450,15
14.21,1.716,0.572,0.583,820,42
16.283,1.212,0.983,0.168,8050,40
22.767,2.308,0.523,0.705,3190,45
17.049,1.014,0.147,0.481,7310,26
6.47,0.132,0.06,0.201,5150,10
5.561,1.569,0.388,0.329,5380,22
7.825,0.81,0.428,0.732,8110,29
30.608,2.045,0.599,0.254,3300,45
12.932,0.652,0.493,0.466,1230,29
13.881,0.352,0.259,0.366,110,22
21.666,1.52,0.676,0.448,8640,41
14.012,0.625,0.511,0.43,8160,32
13.834,1.097,0.082,0.503,9220,25
16.016,0.692,0.39,0.578,7550,31
17.106,1.613,0.403,0.644,8320,36
13.678,1.069,0.32,0.448,8400,29
12.61,2.76,0.372,0.721,6590,37
